{"cameraMode":{"drawMode":3,"name":"Shadow Cascades","section":"Miscellaneous"},"sceneLighting":true,"audioPlay":false,"sceneViewState":{"showFog":true,"showMaterialUpdate":false,"showSkybox":true,"showFlares":true,"showImageEffects":true,"showParticleSystems":true},"in2DMode":false,"pivot":{"x":-2.6603283882141115,"y":-28.672992706298829,"z":-456.4923400878906},"rotation":{"x":0.3289361894130707,"y":-0.03398861363530159,"z":0.011846576817333699,"w":0.9436659812927246},"size":76.56714630126953,"orthographic":false}